"id","bank_acc_number","name","this_for_all","ending_date_type","update_posted","bank_id/id","bank_account_id/id","type","company_id/id","inbound_payment_method_ids/id","outbound_payment_method_ids/id","refund_sequence","default_credit_account_id/id","default_debit_account_id/id","group_invoice_lines","sequence","code","display_on_footer","show_on_dashboard","dc_id/id"
"account_journal_1_1_01_02_001","Bank Mandiri HO (IDR) A/C No. 102-000-434-888-1","Bank Mandiri HO (IDR) A/C No. 102-000-434-888-1","True","Last Day of The Month","False","res_bank_mandiri","res_partner_bank_1_1_01_02_001","Bank","base.main_company","account.account_payment_method_manual_in","account.account_payment_method_manual_out","True","account_account_1_1_01_02_001","account_account_1_1_01_02_001","False",0,"BNK1","False","True",
"account_journal_1_1_01_02_002","Bank Mandiri HO (IDR) A/C No. 102-00-0502-109-9","Bank Mandiri HO (IDR) A/C No. 102-00-0502-109-9","False","Last Day of The Month","False","res_bank_mandiri","res_partner_bank_1_1_01_02_002","Bank","base.main_company","account.account_payment_method_manual_in","account.account_payment_method_manual_out","True","account_account_1_1_01_02_002","account_account_1_1_01_02_002","False",0,"BNK2","False","True",
"account_journal_1_1_01_02_003","Bank Mandiri BDG (IDR) A/C No. 102-00-0519-833-5","Bank Mandiri BDG (IDR) A/C No. 102-00-0519-833-5","False","Last Day of The Month","False","res_bank_mandiri","res_partner_bank_1_1_01_02_003","Bank","base.main_company","account.account_payment_method_manual_in","account.account_payment_method_manual_out","True","account_account_1_1_01_02_003","account_account_1_1_01_02_003","False",0,"BNK3","False","True","__export__.res_partner_dc_bandung"
"account_journal_1_1_01_02_004","Bank Mandiri BGK (IDR) A/C No. 102-00-0519-834-3","Bank Mandiri BGK (IDR) A/C No. 102-00-0519-834-3","False","Last Day of The Month","False","res_bank_mandiri","res_partner_bank_1_1_01_02_004","Bank","base.main_company","account.account_payment_method_manual_in","account.account_payment_method_manual_out","True","account_account_1_1_01_02_004","account_account_1_1_01_02_004","False",0,"BNK4","False","True","__export__.res_partner_dc_bangka"
"account_journal_1_1_01_02_005","Bank Mandiri PKB (IDR) A/C No. 102-00-0519-835-0","Bank Mandiri PKB (IDR) A/C No. 102-00-0519-835-0","False","Last Day of The Month","False","res_bank_mandiri","res_partner_bank_1_1_01_02_005","Bank","base.main_company","account.account_payment_method_manual_in","account.account_payment_method_manual_out","True","account_account_1_1_01_02_005","account_account_1_1_01_02_005","False",0,"BNK5","False","True","__export__.res_partner_dc_pekanbaru"
"account_journal_1_1_01_02_006","Bank Mandiri BTM (IDR) A/C No. 102-00-0519-836-8","Bank Mandiri BTM (IDR) A/C No. 102-00-0519-836-8","False","Last Day of The Month","False","res_bank_mandiri","res_partner_bank_1_1_01_02_006","Bank","base.main_company","account.account_payment_method_manual_in","account.account_payment_method_manual_out","True","account_account_1_1_01_02_006","account_account_1_1_01_02_006","False",0,"BNK6","False","True","__export__.res_partner_dc_batam"
"account_journal_1_1_01_02_007","Bank Mandiri SOL (IDR) A/C No. 102-00-0519-837-6","Bank Mandiri SOL (IDR) A/C No. 102-00-0519-837-6","False","Last Day of The Month","False","res_bank_mandiri","res_partner_bank_1_1_01_02_007","Bank","base.main_company","account.account_payment_method_manual_in","account.account_payment_method_manual_out","True","account_account_1_1_01_02_007","account_account_1_1_01_02_007","False",0,"BNK7","False","True","__export__.res_partner_dc_solo"
"account_journal_1_1_01_02_008","Bank Mandiri SBY (IDR) A/C No. 102-00-0519-839-2","Bank Mandiri SBY (IDR) A/C No. 102-00-0519-839-2","False","Last Day of The Month","False","res_bank_mandiri","res_partner_bank_1_1_01_02_008","Bank","base.main_company","account.account_payment_method_manual_in","account.account_payment_method_manual_out","True","account_account_1_1_01_02_008","account_account_1_1_01_02_008","False",0,"BNK8","False","True","__export__.res_partner_dc_surabaya"
"account_journal_1_1_01_02_009","Bank Mandiri MKS (IDR) A/C No. 102-00-0519-841-8","Bank Mandiri MKS (IDR) A/C No. 102-00-0519-841-8","False","Last Day of The Month","False","res_bank_mandiri","res_partner_bank_1_1_01_02_009","Bank","base.main_company","account.account_payment_method_manual_in","account.account_payment_method_manual_out","True","account_account_1_1_01_02_009","account_account_1_1_01_02_009","False",0,"BNK9","False","True","__export__.res_partner_dc_makassar"
"account_journal_1_1_01_02_010","Bank Mandiri BJM (IDR) A/C No. 102-00-0519-842-6","Bank Mandiri BJM (IDR) A/C No. 102-00-0519-842-6","False","Last Day of The Month","False","res_bank_mandiri","res_partner_bank_1_1_01_02_010","Bank","base.main_company","account.account_payment_method_manual_in","account.account_payment_method_manual_out","True","account_account_1_1_01_02_010","account_account_1_1_01_02_010","False",0,"BNK10","False","True","__export__.res_partner_dc_banjarmasin"
"account_journal_1_1_01_02_011","Bank Mandiri CBN (IDR) A/C No. 102-000-569-769-0","Bank Mandiri CBN (IDR) A/C No. 102-000-569-769-0","False","Last Day of The Month","False","res_bank_mandiri","res_partner_bank_1_1_01_02_011","Bank","base.main_company","account.account_payment_method_manual_in","account.account_payment_method_manual_out","True","account_account_1_1_01_02_011","account_account_1_1_01_02_011","False",0,"BNK11","False","True","__export__.res_partner_dc_cirebon"
"account_journal_1_1_01_02_012","Bank Mandiri JMB (IDR) A/C No. 102-000-569-770-8","Bank Mandiri JMB (IDR) A/C No. 102-000-569-770-8","False","Last Day of The Month","False","res_bank_mandiri","res_partner_bank_1_1_01_02_012","Bank","base.main_company","account.account_payment_method_manual_in","account.account_payment_method_manual_out","True","account_account_1_1_01_02_012","account_account_1_1_01_02_012","False",0,"BNK12","False","True","__export__.res_partner_dc_jambi"
"account_journal_1_1_01_02_013","Bank Mandiri JGJ (IDR) A/C No. 102-000-569-771-6","Bank Mandiri JGJ (IDR) A/C No. 102-000-569-771-6","False","Last Day of The Month","False","res_bank_mandiri","res_partner_bank_1_1_01_02_013","Bank","base.main_company","account.account_payment_method_manual_in","account.account_payment_method_manual_out","True","account_account_1_1_01_02_013","account_account_1_1_01_02_013","False",0,"BNK13","False","True","__export__.res_partner_dc_yogyakarta"
"account_journal_1_1_01_02_014","Bank Mandiri MDN (IDR) A/C No. 102-000-569-772-4","Bank Mandiri MDN (IDR) A/C No. 102-000-569-772-4","False","Last Day of The Month","False","res_bank_mandiri","res_partner_bank_1_1_01_02_014","Bank","base.main_company","account.account_payment_method_manual_in","account.account_payment_method_manual_out","True","account_account_1_1_01_02_014","account_account_1_1_01_02_014","False",0,"BNK14","False","True","__export__.res_partner_dc_medan"
"account_journal_1_1_01_02_015","Bank Mandiri PLG (IDR) A/C No. 102-000-569-775-7","Bank Mandiri PLG (IDR) A/C No. 102-000-569-775-7","False","Last Day of The Month","False","res_bank_mandiri","res_partner_bank_1_1_01_02_015","Bank","base.main_company","account.account_payment_method_manual_in","account.account_payment_method_manual_out","True","account_account_1_1_01_02_015","account_account_1_1_01_02_015","False",0,"BNK15","False","True","__export__.res_partner_dc_palembang"
"account_journal_1_1_01_02_016","Bank Mandiri SMG (IDR) A/C No. 102-000-569-777-3","Bank Mandiri SMG (IDR) A/C No. 102-000-569-777-3","False","Last Day of The Month","False","res_bank_mandiri","res_partner_bank_1_1_01_02_016","Bank","base.main_company","account.account_payment_method_manual_in","account.account_payment_method_manual_out","True","account_account_1_1_01_02_016","account_account_1_1_01_02_016","False",0,"BNK16","False","True","__export__.res_partner_dc_semarang"
"account_journal_1_1_01_02_017","Bank Mandiri BAL (IDR) A/C No. 102-000-569-778-1","Bank Mandiri BAL (IDR) A/C No. 102-000-569-778-1","False","Last Day of The Month","False","res_bank_mandiri","res_partner_bank_1_1_01_02_017","Bank","base.main_company","account.account_payment_method_manual_in","account.account_payment_method_manual_out","True","account_account_1_1_01_02_017","account_account_1_1_01_02_017","False",0,"BNK17","False","True","__export__.res_partner_dc_bali"
"account_journal_1_1_01_02_018","Bank Mandiri BGR (IDR) A/C No. 102-000-569-779-9","Bank Mandiri BGR (IDR) A/C No. 102-000-569-779-9","False","Last Day of The Month","False","res_bank_mandiri","res_partner_bank_1_1_01_02_018","Bank","base.main_company","account.account_payment_method_manual_in","account.account_payment_method_manual_out","True","account_account_1_1_01_02_018","account_account_1_1_01_02_018","False",0,"BNK18","False","True","__export__.res_partner_dc_bogor"
"account_journal_1_1_01_02_019","Bank Mandiri SRG (IDR) A/C No. 102-000-569-781-5","Bank Mandiri SRG (IDR) A/C No. 102-000-569-781-5","False","Last Day of The Month","False","res_bank_mandiri","res_partner_bank_1_1_01_02_019","Bank","base.main_company","account.account_payment_method_manual_in","account.account_payment_method_manual_out","True","account_account_1_1_01_02_019","account_account_1_1_01_02_019","False",0,"BNK19","False","True","__export__.res_partner_dc_serang"
"account_journal_1_1_01_02_020","Bank Mandiri SMD (IDR) A/C No. 102-000-569-782-3","Bank Mandiri SMD (IDR) A/C No. 102-000-569-782-3","False","Last Day of The Month","False","res_bank_mandiri","res_partner_bank_1_1_01_02_020","Bank","base.main_company","account.account_payment_method_manual_in","account.account_payment_method_manual_out","True","account_account_1_1_01_02_020","account_account_1_1_01_02_020","False",0,"BNK20","False","True","__export__.res_partner_dc_samarinda"
"account_journal_1_1_01_02_021","Bank Mandiri LPG (IDR) A/C No. 102-000-569-783-1","Bank Mandiri LPG (IDR) A/C No. 102-000-569-783-1","False","Last Day of The Month","False","res_bank_mandiri","res_partner_bank_1_1_01_02_021","Bank","base.main_company","account.account_payment_method_manual_in","account.account_payment_method_manual_out","True","account_account_1_1_01_02_021","account_account_1_1_01_02_021","False",0,"BNK21","False","True","__export__.res_partner_dc_lampung"
"account_journal_1_1_01_02_022","Bank Mandiri PTK (IDR) A/C No. 102-000-569-784-9","Bank Mandiri PTK (IDR) A/C No. 102-000-569-784-9","False","Last Day of The Month","False","res_bank_mandiri","res_partner_bank_1_1_01_02_022","Bank","base.main_company","account.account_payment_method_manual_in","account.account_payment_method_manual_out","True","account_account_1_1_01_02_022","account_account_1_1_01_02_022","False",0,"BNK22","False","True","__export__.res_partner_dc_pontianak"
"account_journal_1_1_01_02_023","Bank Mandiri MLG (IDR) A/C No. 102-000-569-785-6","Bank Mandiri MLG (IDR) A/C No. 102-000-569-785-6","False","Last Day of The Month","False","res_bank_mandiri","res_partner_bank_1_1_01_02_023","Bank","base.main_company","account.account_payment_method_manual_in","account.account_payment_method_manual_out","True","account_account_1_1_01_02_023","account_account_1_1_01_02_023","False",0,"BNK23","False","True","__export__.res_partner_dc_malang"
"account_journal_1_1_01_02_024","Bank Mandiri BKS (IDR) A/C No. 102-000-569-786-4","Bank Mandiri BKS (IDR) A/C No. 102-000-569-786-4","False","Last Day of The Month","False","res_bank_mandiri","res_partner_bank_1_1_01_02_024","Bank","base.main_company","account.account_payment_method_manual_in","account.account_payment_method_manual_out","True","account_account_1_1_01_02_024","account_account_1_1_01_02_024","False",0,"BNK24","False","True","__export__.res_partner_dc_bekasi"
"account_journal_1_1_01_02_025","Bank Mandiri PWT (IDR) A/C No. 102-000-569-787-2","Bank Mandiri PWT (IDR) A/C No. 102-000-569-787-2","False","Last Day of The Month","False","res_bank_mandiri","res_partner_bank_1_1_01_02_025","Bank","base.main_company","account.account_payment_method_manual_in","account.account_payment_method_manual_out","True","account_account_1_1_01_02_025","account_account_1_1_01_02_025","False",0,"BNK25","False","True","__export__.res_partner_dc_purwokerto"
"account_journal_1_1_01_02_026","Bank Mandiri JBR (IDR) A/C No. 102-000-597-109-5","Bank Mandiri JBR (IDR) A/C No. 102-000-597-109-5","False","Last Day of The Month","False","res_bank_mandiri","res_partner_bank_1_1_01_02_026","Bank","base.main_company","account.account_payment_method_manual_in","account.account_payment_method_manual_out","True","account_account_1_1_01_02_026","account_account_1_1_01_02_026","False",0,"BNK26","False","True","__export__.res_partner_dc_jember"
"account_journal_1_1_01_02_027","Bank Mandiri ACH (IDR) A/C No. 102-000-600-607-3","Bank Mandiri ACH (IDR) A/C No. 102-000-600-607-3","False","Last Day of The Month","False","res_bank_mandiri","res_partner_bank_1_1_01_02_027","Bank","base.main_company","account.account_payment_method_manual_in","account.account_payment_method_manual_out","True","account_account_1_1_01_02_027","account_account_1_1_01_02_027","False",0,"BNK27","False","True","__export__.res_partner_dc_aceh"
"account_journal_1_1_01_02_028","Bank Mandiri TSK (IDR) A/C No. 102-000-601-436-6","Bank Mandiri TSK (IDR) A/C No. 102-000-601-436-6","False","Last Day of The Month","False","res_bank_mandiri","res_partner_bank_1_1_01_02_028","Bank","base.main_company","account.account_payment_method_manual_in","account.account_payment_method_manual_out","True","account_account_1_1_01_02_028","account_account_1_1_01_02_028","False",0,"BNK28","False","True","__export__.res_partner_dc_tasikmalaya"
"account_journal_1_1_01_02_029","Bank Mandiri JKT (IDR) A/C No. 102-000-603-841-5","Bank Mandiri JKT (IDR) A/C No. 102-000-603-841-5","False","Last Day of The Month","False","res_bank_mandiri","res_partner_bank_1_1_01_02_029","Bank","base.main_company","account.account_payment_method_manual_in","account.account_payment_method_manual_out","True","account_account_1_1_01_02_029","account_account_1_1_01_02_029","False",0,"BNK29","False","True","__export__.res_partner_dc_jakarta"
"account_journal_1_1_01_02_030","Bank Mandiri KDR (IDR) A/C No. 102-000-627-630-4","Bank Mandiri KDR (IDR) A/C No. 102-000-627-630-4","False","Last Day of The Month","False","res_bank_mandiri","res_partner_bank_1_1_01_02_030","Bank","base.main_company","account.account_payment_method_manual_in","account.account_payment_method_manual_out","True","account_account_1_1_01_02_030","account_account_1_1_01_02_030","False",0,"BNK30","False","True","__export__.res_partner_dc_kediri"
"account_journal_1_1_01_02_031","Bank Mandiri TGL (IDR) A/C No. 102-000-635-575-1","Bank Mandiri TGL (IDR) A/C No. 102-000-635-575-1","False","Last Day of The Month","False","res_bank_mandiri","res_partner_bank_1_1_01_02_031","Bank","base.main_company","account.account_payment_method_manual_in","account.account_payment_method_manual_out","True","account_account_1_1_01_02_031","account_account_1_1_01_02_031","False",0,"BNK31","False","True","__export__.res_partner_dc_tegal"
"account_journal_1_1_01_02_032","Bank Mandiri HO (IDR) A/C No. 102-000-653-914-9","Bank Mandiri HO (IDR) A/C No. 102-000-653-914-9","False","Last Day of The Month","False","res_bank_mandiri","res_partner_bank_1_1_01_02_032","Bank","base.main_company","account.account_payment_method_manual_in","account.account_payment_method_manual_out","True","account_account_1_1_01_02_032","account_account_1_1_01_02_032","False",0,"BNK32","False","True",
"account_journal_1_1_01_02_033","Bank Mandiri HO (IDR) A/C No. 102-000-653-915-6","Bank Mandiri HO (IDR) A/C No. 102-000-653-915-6","False","Last Day of The Month","False","res_bank_mandiri","res_partner_bank_1_1_01_02_033","Bank","base.main_company","account.account_payment_method_manual_in","account.account_payment_method_manual_out","True","account_account_1_1_01_02_033","account_account_1_1_01_02_033","False",0,"BNK33","False","True",
"account_journal_1_1_01_02_034","Bank Mandiri HO (USD) A/C No. 102-00-0515-840-4","Bank Mandiri HO (USD) A/C No. 102-00-0515-840-4","False","Last Day of The Month","False","res_bank_mandiri","res_partner_bank_1_1_01_02_034","Bank","base.main_company","account.account_payment_method_manual_in","account.account_payment_method_manual_out","True","account_account_1_1_01_02_034","account_account_1_1_01_02_034","False",0,"BNK34","False","True",
"account_journal_1_1_01_02_035","Bank Mandiri HO (USD) A/C No. 102-000-646-694-7","Bank Mandiri HO (USD) A/C No. 102-000-646-694-7","False","Last Day of The Month","False","res_bank_mandiri","res_partner_bank_1_1_01_02_035","Bank","base.main_company","account.account_payment_method_manual_in","account.account_payment_method_manual_out","True","account_account_1_1_01_02_035","account_account_1_1_01_02_035","False",0,"BNK35","False","True",
"account_journal_1_1_01_02_101","BCA JBR (IDR) A/C No. 178-302-523-3","BCA JBR (IDR) A/C No. 178-302-523-3","False","Last Day of The Month","False","res_bank_bca","res_partner_bank_1_1_01_02_101","Bank","base.main_company","account.account_payment_method_manual_in","account.account_payment_method_manual_out","True","account_account_1_1_01_02_101","account_account_1_1_01_02_101","False",0,"BNK36","False","True","__export__.res_partner_dc_jember"
"account_journal_1_1_01_02_102","BCA HO (IDR) A/C No. 178-302-533-1","BCA HO (IDR) A/C No. 178-302-533-1","False","Last Day of The Month","False","res_bank_bca","res_partner_bank_1_1_01_02_102","Bank","base.main_company","account.account_payment_method_manual_in","account.account_payment_method_manual_out","True","account_account_1_1_01_02_102","account_account_1_1_01_02_102","False",0,"BNK37","False","True",
"account_journal_1_1_01_02_103","BCA SBY (IDR) A/C No. 178-302-543-8","BCA SBY (IDR) A/C No. 178-302-543-8","False","Last Day of The Month","False","res_bank_bca","res_partner_bank_1_1_01_02_103","Bank","base.main_company","account.account_payment_method_manual_in","account.account_payment_method_manual_out","True","account_account_1_1_01_02_103","account_account_1_1_01_02_103","False",0,"BNK38","False","True","__export__.res_partner_dc_surabaya"
"account_journal_1_1_01_02_104","BCA BKS (IDR) A/C No. 178-302-553-5","BCA BKS (IDR) A/C No. 178-302-553-5","False","Last Day of The Month","False","res_bank_bca","res_partner_bank_1_1_01_02_104","Bank","base.main_company","account.account_payment_method_manual_in","account.account_payment_method_manual_out","True","account_account_1_1_01_02_104","account_account_1_1_01_02_104","False",0,"BNK39","False","True","__export__.res_partner_dc_bekasi"
"account_journal_1_1_01_02_105","BCA MDN (IDR) A/C No. 178-302-563-2","BCA MDN (IDR) A/C No. 178-302-563-2","False","Last Day of The Month","False","res_bank_bca","res_partner_bank_1_1_01_02_105","Bank","base.main_company","account.account_payment_method_manual_in","account.account_payment_method_manual_out","True","account_account_1_1_01_02_105","account_account_1_1_01_02_105","False",0,"BNK40","False","True","__export__.res_partner_dc_medan"
"account_journal_1_1_01_02_106","BCA PWT (IDR) A/C No. 178-302-573-0","BCA PWT (IDR) A/C No. 178-302-573-0","False","Last Day of The Month","False","res_bank_bca","res_partner_bank_1_1_01_02_106","Bank","base.main_company","account.account_payment_method_manual_in","account.account_payment_method_manual_out","True","account_account_1_1_01_02_106","account_account_1_1_01_02_106","False",0,"BNK41","False","True","__export__.res_partner_dc_purwokerto"
"account_journal_1_1_01_02_107","BCA SMG (IDR) A/C No. 178-302-583-7","BCA SMG (IDR) A/C No. 178-302-583-7","False","Last Day of The Month","False","res_bank_bca","res_partner_bank_1_1_01_02_107","Bank","base.main_company","account.account_payment_method_manual_in","account.account_payment_method_manual_out","True","account_account_1_1_01_02_107","account_account_1_1_01_02_107","False",0,"BNK42","False","True","__export__.res_partner_dc_semarang"
"account_journal_1_1_01_02_108","BCA MLG (IDR) A/C No. 178-302-593-4","BCA MLG (IDR) A/C No. 178-302-593-4","False","Last Day of The Month","False","res_bank_bca","res_partner_bank_1_1_01_02_108","Bank","base.main_company","account.account_payment_method_manual_in","account.account_payment_method_manual_out","True","account_account_1_1_01_02_108","account_account_1_1_01_02_108","False",0,"BNK43","False","True","__export__.res_partner_dc_malang"
"account_journal_1_1_01_02_109","BCA PTK (IDR) A/C No. 178-302-513-6","BCA PTK (IDR) A/C No. 178-302-513-6","False","Last Day of The Month","False","res_bank_bca","res_partner_bank_1_1_01_02_109","Bank","base.main_company","account.account_payment_method_manual_in","account.account_payment_method_manual_out","True","account_account_1_1_01_02_109","account_account_1_1_01_02_109","False",0,"BNK44","False","True","__export__.res_partner_dc_pontianak"
"account_journal_1_1_01_02_110","BCA PLG (IDR) A/C No. 178-302-911-5","BCA PLG (IDR) A/C No. 178-302-911-5","False","Last Day of The Month","False","res_bank_bca","res_partner_bank_1_1_01_02_110","Bank","base.main_company","account.account_payment_method_manual_in","account.account_payment_method_manual_out","True","account_account_1_1_01_02_110","account_account_1_1_01_02_110","False",0,"BNK45","False","True","__export__.res_partner_dc_palembang"
"account_journal_1_1_01_02_111","BCA BAL (IDR) A/C No. 178-302-912-3","BCA BAL (IDR) A/C No. 178-302-912-3","False","Last Day of The Month","False","res_bank_bca","res_partner_bank_1_1_01_02_111","Bank","base.main_company","account.account_payment_method_manual_in","account.account_payment_method_manual_out","True","account_account_1_1_01_02_111","account_account_1_1_01_02_111","False",0,"BNK46","False","True","__export__.res_partner_dc_bali"
"account_journal_1_1_01_02_112","BCA BTM (IDR) A/C No. 178-302-913-1","BCA BTM (IDR) A/C No. 178-302-913-1","False","Last Day of The Month","False","res_bank_bca","res_partner_bank_1_1_01_02_112","Bank","base.main_company","account.account_payment_method_manual_in","account.account_payment_method_manual_out","True","account_account_1_1_01_02_112","account_account_1_1_01_02_112","False",0,"BNK47","False","True","__export__.res_partner_dc_batam"
"account_journal_1_1_01_02_113","BCA SMD (IDR) A/C No. 178-302-921-2","BCA SMD (IDR) A/C No. 178-302-921-2","False","Last Day of The Month","False","res_bank_bca","res_partner_bank_1_1_01_02_113","Bank","base.main_company","account.account_payment_method_manual_in","account.account_payment_method_manual_out","True","account_account_1_1_01_02_113","account_account_1_1_01_02_113","False",0,"BNK48","False","True","__export__.res_partner_dc_samarinda"
"account_journal_1_1_01_02_114","BCA JKT (IDR) A/C No. 178-302-922-1","BCA JKT (IDR) A/C No. 178-302-922-1","False","Last Day of The Month","False","res_bank_bca","res_partner_bank_1_1_01_02_114","Bank","base.main_company","account.account_payment_method_manual_in","account.account_payment_method_manual_out","True","account_account_1_1_01_02_114","account_account_1_1_01_02_114","False",0,"BNK49","False","True","__export__.res_partner_dc_jakarta"
"account_journal_1_1_01_02_115","BCA KDR (IDR) A/C No. 178-302-930-1","BCA KDR (IDR) A/C No. 178-302-930-1","False","Last Day of The Month","False","res_bank_bca","res_partner_bank_1_1_01_02_115","Bank","base.main_company","account.account_payment_method_manual_in","account.account_payment_method_manual_out","True","account_account_1_1_01_02_115","account_account_1_1_01_02_115","False",0,"BNK50","False","True","__export__.res_partner_dc_kediri"
"account_journal_1_1_01_02_116","BCA JGJ (IDR) A/C No. 178-302-931-0","BCA JGJ (IDR) A/C No. 178-302-931-0","False","Last Day of The Month","False","res_bank_bca","res_partner_bank_1_1_01_02_116","Bank","base.main_company","account.account_payment_method_manual_in","account.account_payment_method_manual_out","True","account_account_1_1_01_02_116","account_account_1_1_01_02_116","False",0,"BNK51","False","True","__export__.res_partner_dc_yogyakarta"
"account_journal_1_1_01_02_117","BCA ACH (IDR) A/C No. 178-302-880-1","BCA ACH (IDR) A/C No. 178-302-880-1","False","Last Day of The Month","False","res_bank_bca","res_partner_bank_1_1_01_02_117","Bank","base.main_company","account.account_payment_method_manual_in","account.account_payment_method_manual_out","True","account_account_1_1_01_02_117","account_account_1_1_01_02_117","False",0,"BNK52","False","True","__export__.res_partner_dc_aceh"
"account_journal_1_1_01_02_118","BCA BDG (IDR) A/C No. 178-008-855-5","BCA BDG (IDR) A/C No. 178-008-855-5","False","Last Day of The Month","False","res_bank_bca","res_partner_bank_1_1_01_02_118","Bank","base.main_company","account.account_payment_method_manual_in","account.account_payment_method_manual_out","True","account_account_1_1_01_02_118","account_account_1_1_01_02_118","False",1,"BNK58","False","True","__export__.res_partner_dc_bandung"
"account_journal_1_1_01_02_119","BCA BGK (IDR) A/C No. 178-008-865-2","BCA BGK (IDR) A/C No. 178-008-865-2","False","Last Day of The Month","False","res_bank_bca","res_partner_bank_1_1_01_02_119","Bank","base.main_company","account.account_payment_method_manual_in","account.account_payment_method_manual_out","True","account_account_1_1_01_02_119","account_account_1_1_01_02_119","False",2,"BNK59","False","True","__export__.res_partner_dc_bangka"
"account_journal_1_1_01_02_120","BCA BJM (IDR) A/C No. 178-008-875-0","BCA BJM (IDR) A/C No. 178-008-875-0","False","Last Day of The Month","False","res_bank_bca","res_partner_bank_1_1_01_02_120","Bank","base.main_company","account.account_payment_method_manual_in","account.account_payment_method_manual_out","True","account_account_1_1_01_02_120","account_account_1_1_01_02_120","False",3,"BNK60","False","True","__export__.res_partner_dc_banjarmasin"
"account_journal_1_1_01_02_121","BCA BGR (IDR) A/C No. 178-008-876-8","BCA BGR (IDR) A/C No. 178-008-876-8","False","Last Day of The Month","False","res_bank_bca","res_partner_bank_1_1_01_02_121","Bank","base.main_company","account.account_payment_method_manual_in","account.account_payment_method_manual_out","True","account_account_1_1_01_02_121","account_account_1_1_01_02_121","False",4,"BNK61","False","True","__export__.res_partner_dc_bogor"
"account_journal_1_1_01_02_122","BCA CBN (IDR) A/C No. 178-008-877-6","BCA CBN (IDR) A/C No. 178-008-877-6","False","Last Day of The Month","False","res_bank_bca","res_partner_bank_1_1_01_02_122","Bank","base.main_company","account.account_payment_method_manual_in","account.account_payment_method_manual_out","True","account_account_1_1_01_02_122","account_account_1_1_01_02_122","False",5,"BNK62","False","True","__export__.res_partner_dc_cirebon"
"account_journal_1_1_01_02_123","BCA JMB (IDR) A/C No. 178-008-878-4","BCA JMB (IDR) A/C No. 178-008-878-4","False","Last Day of The Month","False","res_bank_bca","res_partner_bank_1_1_01_02_123","Bank","base.main_company","account.account_payment_method_manual_in","account.account_payment_method_manual_out","True","account_account_1_1_01_02_123","account_account_1_1_01_02_123","False",6,"BNK63","False","True","__export__.res_partner_dc_jambi"
"account_journal_1_1_01_02_124","BCA LPG (IDR) A/C No. 178-008-879-2","BCA LPG (IDR) A/C No. 178-008-879-2","False","Last Day of The Month","False","res_bank_bca","res_partner_bank_1_1_01_02_124","Bank","base.main_company","account.account_payment_method_manual_in","account.account_payment_method_manual_out","True","account_account_1_1_01_02_124","account_account_1_1_01_02_124","False",7,"BNK64","False","True","__export__.res_partner_dc_lampung"
"account_journal_1_1_01_02_125","BCA MKS (IDR) A/C No. 178-008-880-6","BCA MKS (IDR) A/C No. 178-008-880-6","False","Last Day of The Month","False","res_bank_bca","res_partner_bank_1_1_01_02_125","Bank","base.main_company","account.account_payment_method_manual_in","account.account_payment_method_manual_out","True","account_account_1_1_01_02_125","account_account_1_1_01_02_125","False",8,"BNK65","False","True","__export__.res_partner_dc_makassar"
"account_journal_1_1_01_02_126","BCA PKB (IDR) A/C No. 178-008-881-4","BCA PKB (IDR) A/C No. 178-008-881-4","False","Last Day of The Month","False","res_bank_bca","res_partner_bank_1_1_01_02_126","Bank","base.main_company","account.account_payment_method_manual_in","account.account_payment_method_manual_out","True","account_account_1_1_01_02_126","account_account_1_1_01_02_126","False",9,"BNK66","False","True","__export__.res_partner_dc_pekanbaru"
"account_journal_1_1_01_02_127","BCA SRG (IDR) A/C No. 178-008-883-1","BCA SRG (IDR) A/C No. 178-008-883-1","False","Last Day of The Month","False","res_bank_bca","res_partner_bank_1_1_01_02_127","Bank","base.main_company","account.account_payment_method_manual_in","account.account_payment_method_manual_out","True","account_account_1_1_01_02_127","account_account_1_1_01_02_127","False",10,"BNK67","False","True","__export__.res_partner_dc_serang"
"account_journal_1_1_01_02_128","BCA SOL (IDR) A/C No. 178-008-884-9","BCA SOL (IDR) A/C No. 178-008-884-9","False","Last Day of The Month","False","res_bank_bca","res_partner_bank_1_1_01_02_128","Bank","base.main_company","account.account_payment_method_manual_in","account.account_payment_method_manual_out","True","account_account_1_1_01_02_128","account_account_1_1_01_02_128","False",11,"BNK68","False","True","__export__.res_partner_dc_solo"
"account_journal_1_1_01_02_129","BCA TSK (IDR) A/C No. 178-008-885-7","BCA TSK (IDR) A/C No. 178-008-885-7","False","Last Day of The Month","False","res_bank_bca","res_partner_bank_1_1_01_02_129","Bank","base.main_company","account.account_payment_method_manual_in","account.account_payment_method_manual_out","True","account_account_1_1_01_02_129","account_account_1_1_01_02_129","False",12,"BNK69","False","True","__export__.res_partner_dc_tasikmalaya"
"account_journal_1_1_01_02_130","BCA TGL (IDR) A/C No. 178-008-886-5","BCA TGL (IDR) A/C No. 178-008-886-5","False","Last Day of The Month","False","res_bank_bca","res_partner_bank_1_1_01_02_130","Bank","base.main_company","account.account_payment_method_manual_in","account.account_payment_method_manual_out","True","account_account_1_1_01_02_130","account_account_1_1_01_02_130","False",13,"BNK70","False","True","__export__.res_partner_dc_tegal"
"account_journal_1_1_01_02_201","BNI HO (IDR) A/C No. 280-028-0062","BNI HO (IDR) A/C No. 280-028-0062","False","Last Day of The Month","False","res_bank_bni","res_partner_bank_1_1_01_02_201","Bank","base.main_company","account.account_payment_method_manual_in","account.account_payment_method_manual_out","True","account_account_1_1_01_02_201","account_account_1_1_01_02_201","False",0,"BNK53","False","True",
"account_journal_1_1_01_02_301","CIMB Niaga HO (IDR) A/C No. 225-01-00089-00-0","CIMB Niaga HO (IDR) A/C No. 225-01-00089-00-0","False","Last Day of The Month","False","res_bank_cimb","res_partner_bank_1_1_01_02_301","Bank","base.main_company","account.account_payment_method_manual_in","account.account_payment_method_manual_out","True","account_account_1_1_01_02_301","account_account_1_1_01_02_301","False",0,"BNK54","False","True",
"account_journal_1_1_01_02_401","Bank Muamalat HO (IDR) A/C No. 302-000-716-5","Bank Muamalat HO (IDR) A/C No. 302-000-716-5","False","Last Day of The Month","False","res_bank_muamalat","res_partner_bank_1_1_01_02_401","Bank","base.main_company","account.account_payment_method_manual_in","account.account_payment_method_manual_out","True","account_account_1_1_01_02_401","account_account_1_1_01_02_401","False",0,"BNK55","False","True",
"account_journal_1_1_01_02_501","Bank Mega HO (IDR) A/C No. 01-094-00-20-43717-0","Bank Mega HO (IDR) A/C No. 01-094-00-20-43717-0","False","Last Day of The Month","False","res_bank_mega","res_partner_bank_1_1_01_02_501","Bank","base.main_company","account.account_payment_method_manual_in","account.account_payment_method_manual_out","True","account_account_1_1_01_02_501","account_account_1_1_01_02_501","False",0,"BNK56","False","True",
"account_journal_1_1_01_02_601","Bank Panin HO (IDR) A/C No. 140-527-029-9","Bank Panin HO (IDR) A/C No. 140-527-029-9","False","Last Day of The Month","False","res_bank_panin","res_partner_bank_1_1_01_02_601","Bank","base.main_company","account.account_payment_method_manual_in","account.account_payment_method_manual_out","True","account_account_1_1_01_02_601","account_account_1_1_01_02_601","False",0,"BNK57","False","True",
"account_journal_sale",,"Sale","True","Today","False",,,"Sale","base.main_company","account.account_payment_method_manual_in","account.account_payment_method_manual_out","True","account_account_4_1_01_01_001","account_account_4_1_01_01_001","False",0,"SALE","False","True",
"account_journal_1_1_01_01_001",,"Petty Cash Head Office","False","Today","False",,,"Cash","base.main_company","account.account_payment_method_manual_in","account.account_payment_method_manual_out","True","account_account_1_1_01_01_001","account_account_1_1_01_01_001","False",0,"PC001","False","True",
"account_journal_1_1_01_01_002",,"Petty Cash Factory","False","Today","False",,,"Cash","base.main_company","account.account_payment_method_manual_in","account.account_payment_method_manual_out","True","account_account_1_1_01_01_002","account_account_1_1_01_01_002","False",0,"PC002","False","True",
"account_journal_1_1_01_01_003",,"Petty Cash Aceh","False","Today","False",,,"Cash","base.main_company","account.account_payment_method_manual_in","account.account_payment_method_manual_out","True","account_account_1_1_01_01_003","account_account_1_1_01_01_003","False",0,"PC003","False","True","__export__.res_partner_dc_aceh"
"account_journal_1_1_01_01_004",,"Petty Cash Bali","False","Today","False",,,"Cash","base.main_company","account.account_payment_method_manual_in","account.account_payment_method_manual_out","True","account_account_1_1_01_01_004","account_account_1_1_01_01_004","False",0,"PC004","False","True","__export__.res_partner_dc_bali"
"account_journal_1_1_01_01_005",,"Petty Cash Bandung","False","Today","False",,,"Cash","base.main_company","account.account_payment_method_manual_in","account.account_payment_method_manual_out","True","account_account_1_1_01_01_005","account_account_1_1_01_01_005","False",0,"PC005","False","True","__export__.res_partner_dc_bandung"
"account_journal_1_1_01_01_006",,"Petty Cash Bangka","False","Today","False",,,"Cash","base.main_company","account.account_payment_method_manual_in","account.account_payment_method_manual_out","True","account_account_1_1_01_01_006","account_account_1_1_01_01_006","False",0,"PC006","False","True","__export__.res_partner_dc_bangka"
"account_journal_1_1_01_01_007",,"Petty Cash Banjarmasin","False","Today","False",,,"Cash","base.main_company","account.account_payment_method_manual_in","account.account_payment_method_manual_out","True","account_account_1_1_01_01_007","account_account_1_1_01_01_007","False",0,"PC007","False","True","__export__.res_partner_dc_banjarmasin"
"account_journal_1_1_01_01_008",,"Petty Cash Batam","False","Today","False",,,"Cash","base.main_company","account.account_payment_method_manual_in","account.account_payment_method_manual_out","True","account_account_1_1_01_01_008","account_account_1_1_01_01_008","False",0,"PC008","False","True","__export__.res_partner_dc_batam"
"account_journal_1_1_01_01_009",,"Petty Cash Bekasi","False","Today","False",,,"Cash","base.main_company","account.account_payment_method_manual_in","account.account_payment_method_manual_out","True","account_account_1_1_01_01_009","account_account_1_1_01_01_009","False",0,"PC009","False","True","__export__.res_partner_dc_bekasi"
"account_journal_1_1_01_01_010",,"Petty Cash Bogor","False","Today","False",,,"Cash","base.main_company","account.account_payment_method_manual_in","account.account_payment_method_manual_out","True","account_account_1_1_01_01_010","account_account_1_1_01_01_010","False",0,"PC010","False","True","__export__.res_partner_dc_bogor"
"account_journal_1_1_01_01_011",,"Petty Cash Cirebon","False","Today","False",,,"Cash","base.main_company","account.account_payment_method_manual_in","account.account_payment_method_manual_out","True","account_account_1_1_01_01_011","account_account_1_1_01_01_011","False",0,"PC011","False","True","__export__.res_partner_dc_cirebon"
"account_journal_1_1_01_01_012",,"Petty Cash Jakarta","False","Today","False",,,"Cash","base.main_company","account.account_payment_method_manual_in","account.account_payment_method_manual_out","True","account_account_1_1_01_01_012","account_account_1_1_01_01_012","False",0,"PC012","False","True","__export__.res_partner_dc_jakarta"
"account_journal_1_1_01_01_013",,"Petty Cash Jambi","False","Today","False",,,"Cash","base.main_company","account.account_payment_method_manual_in","account.account_payment_method_manual_out","True","account_account_1_1_01_01_013","account_account_1_1_01_01_013","False",0,"PC013","False","True","__export__.res_partner_dc_jambi"
"account_journal_1_1_01_01_014",,"Petty Cash Jember","False","Today","False",,,"Cash","base.main_company","account.account_payment_method_manual_in","account.account_payment_method_manual_out","True","account_account_1_1_01_01_014","account_account_1_1_01_01_014","False",0,"PC014","False","True","__export__.res_partner_dc_jember"
"account_journal_1_1_01_01_015",,"Petty Cash Jogja","False","Today","False",,,"Cash","base.main_company","account.account_payment_method_manual_in","account.account_payment_method_manual_out","True","account_account_1_1_01_01_015","account_account_1_1_01_01_015","False",0,"PC015","False","True","__export__.res_partner_dc_yogyakarta"
"account_journal_1_1_01_01_016",,"Petty Cash Kediri","False","Today","False",,,"Cash","base.main_company","account.account_payment_method_manual_in","account.account_payment_method_manual_out","True","account_account_1_1_01_01_016","account_account_1_1_01_01_016","False",0,"PC016","False","True","__export__.res_partner_dc_kediri"
"account_journal_1_1_01_01_017",,"Petty Cash Lampung","False","Today","False",,,"Cash","base.main_company","account.account_payment_method_manual_in","account.account_payment_method_manual_out","True","account_account_1_1_01_01_017","account_account_1_1_01_01_017","False",0,"PC017","False","True","__export__.res_partner_dc_lampung"
"account_journal_1_1_01_01_018",,"Petty Cash Makassar","False","Today","False",,,"Cash","base.main_company","account.account_payment_method_manual_in","account.account_payment_method_manual_out","True","account_account_1_1_01_01_018","account_account_1_1_01_01_018","False",0,"PC018","False","True","__export__.res_partner_dc_makassar"
"account_journal_1_1_01_01_019",,"Petty Cash Malang","False","Today","False",,,"Cash","base.main_company","account.account_payment_method_manual_in","account.account_payment_method_manual_out","True","account_account_1_1_01_01_019","account_account_1_1_01_01_019","False",0,"PC019","False","True","__export__.res_partner_dc_malang"
"account_journal_1_1_01_01_020",,"Petty Cash Medan","False","Today","False",,,"Cash","base.main_company","account.account_payment_method_manual_in","account.account_payment_method_manual_out","True","account_account_1_1_01_01_020","account_account_1_1_01_01_020","False",0,"PC020","False","True","__export__.res_partner_dc_medan"
"account_journal_1_1_01_01_021",,"Petty Cash Palembang","False","Today","False",,,"Cash","base.main_company","account.account_payment_method_manual_in","account.account_payment_method_manual_out","True","account_account_1_1_01_01_021","account_account_1_1_01_01_021","False",0,"PC021","False","True","__export__.res_partner_dc_palembang"
"account_journal_1_1_01_01_022",,"Petty Cash Pekanbaru","False","Today","False",,,"Cash","base.main_company","account.account_payment_method_manual_in","account.account_payment_method_manual_out","True","account_account_1_1_01_01_022","account_account_1_1_01_01_022","False",0,"PC022","False","True","__export__.res_partner_dc_pekanbaru"
"account_journal_1_1_01_01_023",,"Petty Cash Pontianak","False","Today","False",,,"Cash","base.main_company","account.account_payment_method_manual_in","account.account_payment_method_manual_out","True","account_account_1_1_01_01_023","account_account_1_1_01_01_023","False",0,"PC023","False","True","__export__.res_partner_dc_pontianak"
"account_journal_1_1_01_01_024",,"Petty Cash Purwokerto","False","Today","False",,,"Cash","base.main_company","account.account_payment_method_manual_in","account.account_payment_method_manual_out","True","account_account_1_1_01_01_024","account_account_1_1_01_01_024","False",0,"PC024","False","True","__export__.res_partner_dc_purwokerto"
"account_journal_1_1_01_01_025",,"Petty Cash Samarinda","False","Today","False",,,"Cash","base.main_company","account.account_payment_method_manual_in","account.account_payment_method_manual_out","True","account_account_1_1_01_01_025","account_account_1_1_01_01_025","False",0,"PC025","False","True","__export__.res_partner_dc_samarinda"
"account_journal_1_1_01_01_026",,"Petty Cash Semarang","False","Today","False",,,"Cash","base.main_company","account.account_payment_method_manual_in","account.account_payment_method_manual_out","True","account_account_1_1_01_01_026","account_account_1_1_01_01_026","False",0,"PC026","False","True","__export__.res_partner_dc_semarang"
"account_journal_1_1_01_01_027",,"Petty Cash Serang","False","Today","False",,,"Cash","base.main_company","account.account_payment_method_manual_in","account.account_payment_method_manual_out","True","account_account_1_1_01_01_027","account_account_1_1_01_01_027","False",0,"PC027","False","True","__export__.res_partner_dc_serang"
"account_journal_1_1_01_01_028",,"Petty Cash Solo","False","Today","False",,,"Cash","base.main_company","account.account_payment_method_manual_in","account.account_payment_method_manual_out","True","account_account_1_1_01_01_028","account_account_1_1_01_01_028","False",0,"PC028","False","True","__export__.res_partner_dc_solo"
"account_journal_1_1_01_01_029",,"Petty Cash Surabaya","False","Today","False",,,"Cash","base.main_company","account.account_payment_method_manual_in","account.account_payment_method_manual_out","True","account_account_1_1_01_01_029","account_account_1_1_01_01_029","False",0,"PC029","False","True","__export__.res_partner_dc_surabaya"
"account_journal_1_1_01_01_030",,"Petty Cash Tasikmalaya","False","Today","False",,,"Cash","base.main_company","account.account_payment_method_manual_in","account.account_payment_method_manual_out","True","account_account_1_1_01_01_030","account_account_1_1_01_01_030","False",0,"PC030","False","True","__export__.res_partner_dc_tasikmalaya"
"account_journal_1_1_01_01_031",,"Petty Cash Tegal","False","Today","False",,,"Cash","base.main_company","account.account_payment_method_manual_in","account.account_payment_method_manual_out","True","account_account_1_1_01_01_031","account_account_1_1_01_01_031","False",0,"PC031","False","True","__export__.res_partner_dc_tegal"
"account_journal_2_1_08_01_003_01",,"Unidentified Transfer Aceh","False","Today","False",,,"Cash","base.main_company","account.account_payment_method_manual_in","account.account_payment_method_manual_out","True","account_account_1_1_02_01_001","account_account_2_1_08_01_003","False",0,"UT01","False","True","__export__.res_partner_dc_aceh"
"account_journal_2_1_08_01_003_02",,"Unidentified Transfer Bali","False","Today","False",,,"Cash","base.main_company","account.account_payment_method_manual_in","account.account_payment_method_manual_out","True","account_account_1_1_02_01_001","account_account_2_1_08_01_003","False",0,"UT02","False","True","__export__.res_partner_dc_bali"
"account_journal_2_1_08_01_003_03",,"Unidentified Transfer Bandung","False","Today","False",,,"Cash","base.main_company","account.account_payment_method_manual_in","account.account_payment_method_manual_out","True","account_account_1_1_02_01_001","account_account_2_1_08_01_003","False",0,"UT03","False","True","__export__.res_partner_dc_bandung"
"account_journal_2_1_08_01_003_04",,"Unidentified Transfer Bangka","False","Today","False",,,"Cash","base.main_company","account.account_payment_method_manual_in","account.account_payment_method_manual_out","True","account_account_1_1_02_01_001","account_account_2_1_08_01_003","False",0,"UT04","False","True","__export__.res_partner_dc_bangka"
"account_journal_2_1_08_01_003_05",,"Unidentified Transfer Banjarmasin","False","Today","False",,,"Cash","base.main_company","account.account_payment_method_manual_in","account.account_payment_method_manual_out","True","account_account_1_1_02_01_001","account_account_2_1_08_01_003","False",0,"UT05","False","True","__export__.res_partner_dc_banjarmasin"
"account_journal_2_1_08_01_003_06",,"Unidentified Transfer Batam","False","Today","False",,,"Cash","base.main_company","account.account_payment_method_manual_in","account.account_payment_method_manual_out","True","account_account_1_1_02_01_001","account_account_2_1_08_01_003","False",0,"UT06","False","True","__export__.res_partner_dc_batam"
"account_journal_2_1_08_01_003_07",,"Unidentified Transfer Bekasi","False","Today","False",,,"Cash","base.main_company","account.account_payment_method_manual_in","account.account_payment_method_manual_out","True","account_account_1_1_02_01_001","account_account_2_1_08_01_003","False",0,"UT07","False","True","__export__.res_partner_dc_bekasi"
"account_journal_2_1_08_01_003_08",,"Unidentified Transfer Bogor","False","Today","False",,,"Cash","base.main_company","account.account_payment_method_manual_in","account.account_payment_method_manual_out","True","account_account_1_1_02_01_001","account_account_2_1_08_01_003","False",0,"UT08","False","True","__export__.res_partner_dc_bogor"
"account_journal_2_1_08_01_003_09",,"Unidentified Transfer Cirebon","False","Today","False",,,"Cash","base.main_company","account.account_payment_method_manual_in","account.account_payment_method_manual_out","True","account_account_1_1_02_01_001","account_account_2_1_08_01_003","False",0,"UT09","False","True","__export__.res_partner_dc_cirebon"
"account_journal_2_1_08_01_003_10",,"Unidentified Transfer Jakarta","False","Today","False",,,"Cash","base.main_company","account.account_payment_method_manual_in","account.account_payment_method_manual_out","True","account_account_1_1_02_01_001","account_account_2_1_08_01_003","False",0,"UT10","False","True","__export__.res_partner_dc_jakarta"
"account_journal_2_1_08_01_003_11",,"Unidentified Transfer Jambi","False","Today","False",,,"Cash","base.main_company","account.account_payment_method_manual_in","account.account_payment_method_manual_out","True","account_account_1_1_02_01_001","account_account_2_1_08_01_003","False",0,"UT11","False","True","__export__.res_partner_dc_jambi"
"account_journal_2_1_08_01_003_12",,"Unidentified Transfer Jember","False","Today","False",,,"Cash","base.main_company","account.account_payment_method_manual_in","account.account_payment_method_manual_out","True","account_account_1_1_02_01_001","account_account_2_1_08_01_003","False",0,"UT12","False","True","__export__.res_partner_dc_jember"
"account_journal_2_1_08_01_003_13",,"Unidentified Transfer Jogja","False","Today","False",,,"Cash","base.main_company","account.account_payment_method_manual_in","account.account_payment_method_manual_out","True","account_account_1_1_02_01_001","account_account_2_1_08_01_003","False",0,"UT13","False","True","__export__.res_partner_dc_yogyakarta"
"account_journal_2_1_08_01_003_14",,"Unidentified Transfer Kediri","False","Today","False",,,"Cash","base.main_company","account.account_payment_method_manual_in","account.account_payment_method_manual_out","True","account_account_1_1_02_01_001","account_account_2_1_08_01_003","False",0,"UT14","False","True","__export__.res_partner_dc_kediri"
"account_journal_2_1_08_01_003_15",,"Unidentified Transfer Lampung","False","Today","False",,,"Cash","base.main_company","account.account_payment_method_manual_in","account.account_payment_method_manual_out","True","account_account_1_1_02_01_001","account_account_2_1_08_01_003","False",0,"UT15","False","True","__export__.res_partner_dc_lampung"
"account_journal_2_1_08_01_003_16",,"Unidentified Transfer Makassar","False","Today","False",,,"Cash","base.main_company","account.account_payment_method_manual_in","account.account_payment_method_manual_out","True","account_account_1_1_02_01_001","account_account_2_1_08_01_003","False",0,"UT16","False","True","__export__.res_partner_dc_makassar"
"account_journal_2_1_08_01_003_17",,"Unidentified Transfer Malang","False","Today","False",,,"Cash","base.main_company","account.account_payment_method_manual_in","account.account_payment_method_manual_out","True","account_account_1_1_02_01_001","account_account_2_1_08_01_003","False",0,"UT17","False","True","__export__.res_partner_dc_malang"
"account_journal_2_1_08_01_003_18",,"Unidentified Transfer Medan","False","Today","False",,,"Cash","base.main_company","account.account_payment_method_manual_in","account.account_payment_method_manual_out","True","account_account_1_1_02_01_001","account_account_2_1_08_01_003","False",0,"UT18","False","True","__export__.res_partner_dc_medan"
"account_journal_2_1_08_01_003_19",,"Unidentified Transfer Palembang","False","Today","False",,,"Cash","base.main_company","account.account_payment_method_manual_in","account.account_payment_method_manual_out","True","account_account_1_1_02_01_001","account_account_2_1_08_01_003","False",0,"UT19","False","True","__export__.res_partner_dc_palembang"
"account_journal_2_1_08_01_003_20",,"Unidentified Transfer Pekanbaru","False","Today","False",,,"Cash","base.main_company","account.account_payment_method_manual_in","account.account_payment_method_manual_out","True","account_account_1_1_02_01_001","account_account_2_1_08_01_003","False",0,"UT20","False","True","__export__.res_partner_dc_pekanbaru"
"account_journal_2_1_08_01_003_21",,"Unidentified Transfer Pontianak","False","Today","False",,,"Cash","base.main_company","account.account_payment_method_manual_in","account.account_payment_method_manual_out","True","account_account_1_1_02_01_001","account_account_2_1_08_01_003","False",0,"UT21","False","True","__export__.res_partner_dc_pontianak"
"account_journal_2_1_08_01_003_22",,"Unidentified Transfer Purwokerto","False","Today","False",,,"Cash","base.main_company","account.account_payment_method_manual_in","account.account_payment_method_manual_out","True","account_account_1_1_02_01_001","account_account_2_1_08_01_003","False",0,"UT22","False","True","__export__.res_partner_dc_purwokerto"
"account_journal_2_1_08_01_003_23",,"Unidentified Transfer Samarinda","False","Today","False",,,"Cash","base.main_company","account.account_payment_method_manual_in","account.account_payment_method_manual_out","True","account_account_1_1_02_01_001","account_account_2_1_08_01_003","False",0,"UT23","False","True","__export__.res_partner_dc_samarinda"
"account_journal_2_1_08_01_003_24",,"Unidentified Transfer Semarang","False","Today","False",,,"Cash","base.main_company","account.account_payment_method_manual_in","account.account_payment_method_manual_out","True","account_account_1_1_02_01_001","account_account_2_1_08_01_003","False",0,"UT24","False","True","__export__.res_partner_dc_semarang"
"account_journal_2_1_08_01_003_25",,"Unidentified Transfer Serang","False","Today","False",,,"Cash","base.main_company","account.account_payment_method_manual_in","account.account_payment_method_manual_out","True","account_account_1_1_02_01_001","account_account_2_1_08_01_003","False",0,"UT25","False","True","__export__.res_partner_dc_serang"
"account_journal_2_1_08_01_003_26",,"Unidentified Transfer Solo","False","Today","False",,,"Cash","base.main_company","account.account_payment_method_manual_in","account.account_payment_method_manual_out","True","account_account_1_1_02_01_001","account_account_2_1_08_01_003","False",0,"UT26","False","True","__export__.res_partner_dc_solo"
"account_journal_2_1_08_01_003_27",,"Unidentified Transfer Surabaya","False","Today","False",,,"Cash","base.main_company","account.account_payment_method_manual_in","account.account_payment_method_manual_out","True","account_account_1_1_02_01_001","account_account_2_1_08_01_003","False",0,"UT27","False","True","__export__.res_partner_dc_surabaya"
"account_journal_2_1_08_01_003_28",,"Unidentified Transfer Tasikmalaya","False","Today","False",,,"Cash","base.main_company","account.account_payment_method_manual_in","account.account_payment_method_manual_out","True","account_account_1_1_02_01_001","account_account_2_1_08_01_003","False",0,"UT28","False","True","__export__.res_partner_dc_tasikmalaya"
"account_journal_2_1_08_01_003_29",,"Unidentified Transfer Tegal","False","Today","False",,,"Cash","base.main_company","account.account_payment_method_manual_in","account.account_payment_method_manual_out","True","account_account_1_1_02_01_001","account_account_2_1_08_01_003","False",0,"UT29","False","True","__export__.res_partner_dc_tegal"
"account_journal_opening_journal",,"Opening Journal","False","Today","False",,,"Miscellaneous","base.main_company","account.account_payment_method_manual_in","account.account_payment_method_manual_out","True",,,"False",0,"OPEJ","False","True",
"account_journal_2_1_06_01_006_01",,"Accrual DC Aceh","False","Today","False",,,"Miscellaneous","base.main_company","account.account_payment_method_manual_in","account.account_payment_method_manual_out","True",,,"False",0,"AD01","False","True","__export__.res_partner_dc_aceh"
"account_journal_2_1_06_01_006_02",,"Accrual DC Bali","False","Today","False",,,"Miscellaneous","base.main_company","account.account_payment_method_manual_in","account.account_payment_method_manual_out","True",,,"False",0,"AD02","False","True","__export__.res_partner_dc_bali"
"account_journal_2_1_06_01_006_03",,"Accrual DC Bandung","False","Today","False",,,"Miscellaneous","base.main_company","account.account_payment_method_manual_in","account.account_payment_method_manual_out","True",,,"False",0,"AD03","False","True","__export__.res_partner_dc_bandung"
"account_journal_2_1_06_01_006_04",,"Accrual DC Bangka","False","Today","False",,,"Miscellaneous","base.main_company","account.account_payment_method_manual_in","account.account_payment_method_manual_out","True",,,"False",0,"AD04","False","True","__export__.res_partner_dc_bangka"
"account_journal_2_1_06_01_006_05",,"Accrual DC Banjarmasin","False","Today","False",,,"Miscellaneous","base.main_company","account.account_payment_method_manual_in","account.account_payment_method_manual_out","True",,,"False",0,"AD05","False","True","__export__.res_partner_dc_banjarmasin"
"account_journal_2_1_06_01_006_06",,"Accrual DC Batam","False","Today","False",,,"Miscellaneous","base.main_company","account.account_payment_method_manual_in","account.account_payment_method_manual_out","True",,,"False",0,"AD06","False","True","__export__.res_partner_dc_batam"
"account_journal_2_1_06_01_006_07",,"Accrual DC Bekasi","False","Today","False",,,"Miscellaneous","base.main_company","account.account_payment_method_manual_in","account.account_payment_method_manual_out","True",,,"False",0,"AD07","False","True","__export__.res_partner_dc_bekasi"
"account_journal_2_1_06_01_006_08",,"Accrual DC Bogor","False","Today","False",,,"Miscellaneous","base.main_company","account.account_payment_method_manual_in","account.account_payment_method_manual_out","True",,,"False",0,"AD08","False","True","__export__.res_partner_dc_bogor"
"account_journal_2_1_06_01_006_09",,"Accrual DC Cirebon","False","Today","False",,,"Miscellaneous","base.main_company","account.account_payment_method_manual_in","account.account_payment_method_manual_out","True",,,"False",0,"AD09","False","True","__export__.res_partner_dc_cirebon"
"account_journal_2_1_06_01_006_10",,"Accrual DC Jakarta","False","Today","False",,,"Miscellaneous","base.main_company","account.account_payment_method_manual_in","account.account_payment_method_manual_out","True",,,"False",0,"AD10","False","True","__export__.res_partner_dc_jakarta"
"account_journal_2_1_06_01_006_11",,"Accrual DC Jambi","False","Today","False",,,"Miscellaneous","base.main_company","account.account_payment_method_manual_in","account.account_payment_method_manual_out","True",,,"False",0,"AD11","False","True","__export__.res_partner_dc_jambi"
"account_journal_2_1_06_01_006_12",,"Accrual DC Jember","False","Today","False",,,"Miscellaneous","base.main_company","account.account_payment_method_manual_in","account.account_payment_method_manual_out","True",,,"False",0,"AD12","False","True","__export__.res_partner_dc_jember"
"account_journal_2_1_06_01_006_13",,"Accrual DC Jogja","False","Today","False",,,"Miscellaneous","base.main_company","account.account_payment_method_manual_in","account.account_payment_method_manual_out","True",,,"False",0,"AD13","False","True","__export__.res_partner_dc_yogyakarta"
"account_journal_2_1_06_01_006_14",,"Accrual DC Kediri","False","Today","False",,,"Miscellaneous","base.main_company","account.account_payment_method_manual_in","account.account_payment_method_manual_out","True",,,"False",0,"AD14","False","True","__export__.res_partner_dc_kediri"
"account_journal_2_1_06_01_006_15",,"Accrual DC Lampung","False","Today","False",,,"Miscellaneous","base.main_company","account.account_payment_method_manual_in","account.account_payment_method_manual_out","True",,,"False",0,"AD15","False","True","__export__.res_partner_dc_lampung"
"account_journal_2_1_06_01_006_16",,"Accrual DC Makassar","False","Today","False",,,"Miscellaneous","base.main_company","account.account_payment_method_manual_in","account.account_payment_method_manual_out","True",,,"False",0,"AD16","False","True","__export__.res_partner_dc_makassar"
"account_journal_2_1_06_01_006_17",,"Accrual DC Malang","False","Today","False",,,"Miscellaneous","base.main_company","account.account_payment_method_manual_in","account.account_payment_method_manual_out","True",,,"False",0,"AD17","False","True","__export__.res_partner_dc_malang"
"account_journal_2_1_06_01_006_18",,"Accrual DC Medan","False","Today","False",,,"Miscellaneous","base.main_company","account.account_payment_method_manual_in","account.account_payment_method_manual_out","True",,,"False",0,"AD18","False","True","__export__.res_partner_dc_medan"
"account_journal_2_1_06_01_006_19",,"Accrual DC Palembang","False","Today","False",,,"Miscellaneous","base.main_company","account.account_payment_method_manual_in","account.account_payment_method_manual_out","True",,,"False",0,"AD19","False","True","__export__.res_partner_dc_palembang"
"account_journal_2_1_06_01_006_20",,"Accrual DC Pekanbaru","False","Today","False",,,"Miscellaneous","base.main_company","account.account_payment_method_manual_in","account.account_payment_method_manual_out","True",,,"False",0,"AD20","False","True","__export__.res_partner_dc_pekanbaru"
"account_journal_2_1_06_01_006_21",,"Accrual DC Pontianak","False","Today","False",,,"Miscellaneous","base.main_company","account.account_payment_method_manual_in","account.account_payment_method_manual_out","True",,,"False",0,"AD21","False","True","__export__.res_partner_dc_pontianak"
"account_journal_2_1_06_01_006_22",,"Accrual DC Purwokerto","False","Today","False",,,"Miscellaneous","base.main_company","account.account_payment_method_manual_in","account.account_payment_method_manual_out","True",,,"False",0,"AD22","False","True","__export__.res_partner_dc_purwokerto"
"account_journal_2_1_06_01_006_23",,"Accrual DC Samarinda","False","Today","False",,,"Miscellaneous","base.main_company","account.account_payment_method_manual_in","account.account_payment_method_manual_out","True",,,"False",0,"AD23","False","True","__export__.res_partner_dc_samarinda"
"account_journal_2_1_06_01_006_24",,"Accrual DC Semarang","False","Today","False",,,"Miscellaneous","base.main_company","account.account_payment_method_manual_in","account.account_payment_method_manual_out","True",,,"False",0,"AD24","False","True","__export__.res_partner_dc_semarang"
"account_journal_2_1_06_01_006_25",,"Accrual DC Serang","False","Today","False",,,"Miscellaneous","base.main_company","account.account_payment_method_manual_in","account.account_payment_method_manual_out","True",,,"False",0,"AD25","False","True","__export__.res_partner_dc_serang"
"account_journal_2_1_06_01_006_26",,"Accrual DC Solo","False","Today","False",,,"Miscellaneous","base.main_company","account.account_payment_method_manual_in","account.account_payment_method_manual_out","True",,,"False",0,"AD26","False","True","__export__.res_partner_dc_solo"
"account_journal_2_1_06_01_006_27",,"Accrual DC Surabaya","False","Today","False",,,"Miscellaneous","base.main_company","account.account_payment_method_manual_in","account.account_payment_method_manual_out","True",,,"False",0,"AD27","False","True","__export__.res_partner_dc_surabaya"
"account_journal_2_1_06_01_006_28",,"Accrual DC Tasikmalaya","False","Today","False",,,"Miscellaneous","base.main_company","account.account_payment_method_manual_in","account.account_payment_method_manual_out","True",,,"False",0,"AD28","False","True","__export__.res_partner_dc_tasikmalaya"
"account_journal_2_1_06_01_006_29",,"Accrual DC Tegal","False","Today","False",,,"Miscellaneous","base.main_company","account.account_payment_method_manual_in","account.account_payment_method_manual_out","True",,,"False",0,"AD29","False","True","__export__.res_partner_dc_tegal"
